title,year,certificate,duration,genre,rating,metascore,director,actors,votes,gross
The Mountain II,2016),0,135," Action, Drama, War            ",8.8,0,Alper Caglar,"['Caglar Ertugrul, ', 'Ufuk Bayraktar, ', 'Ahu Türkpençe, ', 'Murat Serezli', '']",105481,0
Saving Private Ryan,1998),R,169," Drama, War            ",8.6,91        ,Steven Spielberg,"['Tom Hanks, ', 'Matt Damon, ', 'Tom Sizemore, ', 'Edward Burns', '']",1245593,$216.54M
Life Is Beautiful,1997),PG-13,116," Comedy, Drama, Romance            ",8.6,0,Roberto Benigni,"['Roberto Benigni, ', 'Nicoletta Braschi, ', 'Giorgio Cantarini, ', 'Giustino Durano', '']",629055,$57.60M
The Pianist,2002),R,150," Biography, Drama, Music            ",8.5,85        ,Roman Polanski,"['Adrien Brody, ', 'Thomas Kretschmann, ', 'Frank Finlay, ', 'Emilia Fox', '']",737237,$32.57M
Grave of the Fireflies,1988),Not Rated,89," Animation, Drama, War            ",8.5,94        ,Isao Takahata,"['Tsutomu Tatsumi, ', 'Ayano Shiraishi, ', 'Akemi Yamaguchi, ', 'Yoshiko Shinohara', '']",238283,0
Casablanca,1942),PG,102," Drama, Romance, War            ",8.5,100        ,Michael Curtiz,"['Humphrey Bogart, ', 'Ingrid Bergman, ', 'Paul Henreid, ', 'Claude Rains', '']",525760,$1.02M
Ayla: The Daughter of War,2017),0,125," Biography, Drama, History            ",8.4,0,Can Ulkay,"['Çetin Tekindor, ', 'Ismail Hacioglu, ', 'Kyung-jin Lee, ', 'Kim Seol', '']",34676,0
Dara of Jasenovac,2020),R,130," Drama, War            ",8.4,0,Predrag Antonijevic,"['Biljana Cekic, ', 'Zlatan Vidovic, ', 'Anja Stanic, ', 'Luka Saranovic', '']",33621,0
Apocalypse Now,1979),R,147," Drama, Mystery, War            ",8.4,94        ,Francis Ford Coppola,"['Martin Sheen, ', 'Marlon Brando, ', 'Robert Duvall, ', 'Frederic Forrest', '']",611004,$83.47M
Paths of Glory,1957),Approved,88," Drama, War            ",8.4,90        ,Stanley Kubrick,"['Kirk Douglas, ', 'Ralph Meeker, ', 'Adolphe Menjou, ', 'George Macready', '']",179862,0
The Great Dictator,1940),Passed,125," Comedy, Drama, War            ",8.4,0,Charles Chaplin,"['Charles Chaplin, ', 'Paulette Goddard, ', 'Jack Oakie, ', 'Reginald Gardiner', '']",204672,$0.29M
1917,2019),R,119," Drama, Thriller, War            ",8.3,78        ,Sam Mendes,"['Dean-Charles Chapman, ', 'George MacKay, ', 'Daniel Mays, ', 'Colin Firth', '']",441563,$159.23M
Incendies,2010),R,131," Drama, Mystery, War            ",8.3,80        ,Denis Villeneuve,"['Lubna Azabal, ', 'Mélissa Désormeaux-Poulin, ', 'Maxim Gaudette, ', 'Mustafa Kamel', '']",152272,$6.86M
Inglourious Basterds,2009),R,153," Adventure, Drama, War            ",8.3,69        ,Quentin Tarantino,"['Brad Pitt, ', 'Diane Kruger, ', 'Eli Roth, ', 'Mélanie Laurent', '']",1279949,$120.54M
Braveheart,1995),R,178," Biography, Drama, History            ",8.3,68        ,Mel Gibson,"['Mel Gibson, ', 'Sophie Marceau, ', 'Patrick McGoohan, ', 'Angus Macfadyen', '']",964791,$75.60M
Full Metal Jacket,1987),R,116," Drama, War            ",8.3,76        ,Stanley Kubrick,"['Matthew Modine, ', 'R. Lee Ermey, ', ""Vincent D'Onofrio, "", 'Adam Baldwin', '']",679889,$46.36M
Come and See,1985),Not Rated,142," Drama, Thriller, War            ",8.3,0,Elem Klimov,"['Aleksey Kravchenko, ', 'Olga Mironova, ', 'Liubomiras Laucevicius, ', 'Vladas Bagdonas', '']",60510,0
Das Boot,1981),R,149," Adventure, Drama, Thriller            ",8.3,86        ,Wolfgang Petersen,"['Jürgen Prochnow, ', 'Herbert Grönemeyer, ', 'Klaus Wennemann, ', 'Hubertus Bengsch', '']",233496,$11.49M
Lawrence of Arabia,1962),Approved,228," Adventure, Biography, Drama            ",8.3,100        ,David Lean,"[""Peter O'Toole, "", 'Alec Guinness, ', 'Anthony Quinn, ', 'Jack Hawkins', '']",269999,$44.82M
Uri: The Surgical Strike,2018),Not Rated,138," Action, Drama, War            ",8.2,0,Aditya Dhar,"['Vicky Kaushal, ', 'Paresh Rawal, ', 'Mohit Raina, ', 'Yami Gautam', '']",43920,$4.19M
Tangerines,2013),Not Rated,87," Drama, War            ",8.2,73        ,Zaza Urushadze,"['Lembit Ulfsak, ', 'Elmo Nüganen, ', 'Giorgi Nakashidze, ', 'Misha Meskhi', '']",41285,$0.14M
Pan's Labyrinth,2006),R,118," Drama, Fantasy, War            ",8.2,98        ,Guillermo del Toro,"['Ivana Baquero, ', 'Ariadna Gil, ', 'Sergi López, ', 'Maribel Verdú', '']",622331,$37.63M
Downfall,2004),R,156," Biography, Drama, History            ",8.2,82        ,Oliver Hirschbiegel,"['Bruno Ganz, ', 'Alexandra Maria Lara, ', 'Ulrich Matthes, ', 'Juliane Köhler', '']",333344,$5.51M
Ran,1985),R,162," Action, Drama, War            ",8.2,96        ,Akira Kurosawa,"['Tatsuya Nakadai, ', 'Akira Terao, ', 'Jinpachi Nezu, ', 'Daisuke Ryû', '']",113664,$4.14M
The Message,1976),PG,177," Biography, Drama, History            ",8.2,0,Moustapha Akkad,"['Anthony Quinn, ', 'Irene Papas, ', 'Michael Ansara, ', 'Johnny Sekka', '']",44174,0
The Great Escape,1963),Approved,172," Adventure, Drama, History            ",8.2,86        ,John Sturges,"['Steve McQueen, ', 'James Garner, ', 'Richard Attenborough, ', 'Charles Bronson', '']",226239,$12.10M
Judgment at Nuremberg,1961),Approved,179," Drama, War            ",8.2,0,Stanley Kramer,"['Spencer Tracy, ', 'Burt Lancaster, ', 'Richard Widmark, ', 'Marlene Dietrich', '']",70094,0
To Be or Not to Be,1942),Passed,99," Comedy, War            ",8.2,86        ,Ernst Lubitsch,"['Carole Lombard, ', 'Jack Benny, ', 'Robert Stack, ', 'Felix Bressart', '']",30563,0
Hacksaw Ridge,2016),R,139," Biography, Drama, History            ",8.1,71        ,Mel Gibson,"['Andrew Garfield, ', 'Sam Worthington, ', 'Luke Bracey, ', 'Teresa Palmer', '']",441580,$67.21M
Hotel Rwanda,2004),PG-13,121," Biography, Drama, History            ",8.1,79        ,Terry George,"['Don Cheadle, ', 'Sophie Okonedo, ', 'Joaquin Phoenix, ', 'Xolani Mali', '']",336061,$23.53M
Tae Guk Gi: The Brotherhood of War,2004),R,140," Action, Drama, War            ",8.1,64        ,Je-kyu Kang,"['Jang Dong-Gun, ', 'Won Bin, ', 'Eun-ju Lee, ', 'Hyeong-jin Kong', '']",37957,$1.11M
Underground,1995),Not Rated,167," Comedy, Drama, Fantasy            ",8.1,0,Emir Kusturica,"[""Predrag 'Miki' Manojlovic, "", 'Lazar Ristovski, ', 'Mirjana Jokovic, ', 'Slavko Stimac', '']",55489,$0.17M
Platoon,1986),R,120," Drama, War            ",8.1,92        ,Oliver Stone,"['Charlie Sheen, ', 'Tom Berenger, ', 'Willem Dafoe, ', 'Keith David', '']",383681,$138.53M
The Deer Hunter,1978),R,183," Drama, War            ",8.1,86        ,Michael Cimino,"['Robert De Niro, ', 'Christopher Walken, ', 'John Cazale, ', 'John Savage', '']",313819,$48.98M
Barry Lyndon,1975),PG,185," Adventure, Drama, History            ",8.1,89        ,Stanley Kubrick,"[""Ryan O'Neal, "", 'Marisa Berenson, ', 'Patrick Magee, ', 'Hardy Krüger', '']",151389,0
The Battle of Algiers,1966),Not Rated,121," Drama, War            ",8.1,96        ,Gillo Pontecorvo,"['Brahim Hadjadj, ', 'Jean Martin, ', 'Yacef Saadi, ', 'Samia Kerbash', '']",53687,$0.06M
Ivan's Childhood,1962),Not Rated,84," Drama, War            ",8.1,0,"Andrei Tarkovsky, ","['    Stars:', 'Nikolay Burlyaev, ', 'Valentin Zubkov, ', 'Evgeniy Zharikov, ', 'Stepan Krylov']",32166,0
The Bridge on the River Kwai,1957),PG,161," Adventure, Drama, War            ",8.1,87        ,David Lean,"['William Holden, ', 'Alec Guinness, ', 'Jack Hawkins, ', 'Sessue Hayakawa', '']",204808,$44.91M
Gone with the Wind,1939),Passed,238," Drama, History, Romance            ",8.1,97        ,"Victor Fleming, ","['| ', '    Stars:', 'Clark Gable, ', 'Vivien Leigh, ', 'Thomas Mitchell, ']",292006,$198.68M
La Grande Illusion,1937),Not Rated,113," Drama, War            ",8.1,0,Jean Renoir,"['Jean Gabin, ', 'Dita Parlo, ', 'Pierre Fresnay, ', 'Erich von Stroheim', '']",34035,$0.17M
The General,1926),Passed,67," Action, Adventure, Comedy            ",8.1,0,"Clyde Bruckman, ","['    Stars:', 'Buster Keaton, ', 'Marion Mack, ', 'Glen Cavender, ', 'Jim Farley']",81828,$1.03M
The Imitation Game,2014),PG-13,114," Biography, Drama, Thriller            ",8.0,73        ,Morten Tyldum,"['Benedict Cumberbatch, ', 'Keira Knightley, ', 'Matthew Goode, ', 'Allen Leech', '']",691023,$91.13M
The Breath,2009),0,128," Action, Drama, Thriller            ",8.0,0,"Levent Semerci, ","['    Stars:', 'Mete Horozoglu, ', 'Ilker Kizmaz, ', 'Baris Bagci, ', 'Özgür Eren Koç']",31995,0
Persepolis,2007),PG-13,96," Animation, Biography, Drama            ",8.0,90        ,"Vincent Paronnaud, ","['    Stars:', 'Chiara Mastroianni, ', 'Catherine Deneuve, ', 'Gena Rowlands, ', 'Danielle Darrieux']",89132,$4.45M
Au Revoir les Enfants,1987),PG,104," Drama, War            ",8.0,88        ,Louis Malle,"['Gaspard Manesse, ', 'Raphael Fejtö, ', 'Francine Racette, ', 'Stanislas Carré de Malberg', '']",31392,$4.54M
Kagemusha,1980),PG,162," Drama, History, War            ",8.0,84        ,Akira Kurosawa,"['Tatsuya Nakadai, ', 'Tsutomu Yamazaki, ', ""Ken'ichi Hagiwara, "", 'Jinpachi Nezu', '']",32446,0
Doctor Zhivago,1965),PG-13,197," Drama, Romance, War            ",8.0,69        ,David Lean,"['Omar Sharif, ', 'Julie Christie, ', 'Geraldine Chaplin, ', 'Rod Steiger', '']",70390,$111.72M
Stalag 17,1953),Not Rated,120," Comedy, Drama, War            ",8.0,84        ,Billy Wilder,"['William Holden, ', 'Don Taylor, ', 'Otto Preminger, ', 'Robert Strauss', '']",51242,0
The Best Years of Our Lives,1946),Approved,170," Drama, Romance, War            ",8.0,93        ,William Wyler,"['Myrna Loy, ', 'Dana Andrews, ', 'Fredric March, ', 'Teresa Wright', '']",57676,$23.65M
All Quiet on the Western Front,1930),Passed,152," Drama, War            ",8.0,91        ,Lewis Milestone,"['Lew Ayres, ', 'Louis Wolheim, ', 'John Wray, ', 'Arnold Lucy', '']",57569,$3.27M
Battleship Potemkin,1925),Not Rated,66," Drama, History, Thriller            ",8.0,97        ,Sergei M. Eisenstein,"['Aleksandr Antonov, ', 'Vladimir Barskiy, ', 'Grigoriy Aleksandrov, ', 'Ivan Bobrov', '']",53520,$0.05M
Jojo Rabbit,2019),PG-13,108," Comedy, Drama, War            ",7.9,0,Taika Waititi,"['Roman Griffin Davis, ', 'Thomasin McKenzie, ', 'Scarlett Johansson, ', 'Taika Waititi', '']",306878,$0.35M
Letters from Iwo Jima,2006),R,141," Action, Adventure, Drama            ",7.9,89        ,Clint Eastwood,"['Ken Watanabe, ', 'Kazunari Ninomiya, ', 'Tsuyoshi Ihara, ', 'Ryô Kase', '']",154567,$13.76M
No Man's Land,I) (2001),R,98," Comedy, Drama, War            ",7.9,84        ,Danis Tanovic,"['Branko Djuric, ', 'Rene Bitorajac, ', 'Filip Sovagovic, ', 'Georges Siatidis', '']",44906,$1.06M
Patton,1970),GP,172," Biography, Drama, War            ",7.9,91        ,Franklin J. Schaffner,"['George C. Scott, ', 'Karl Malden, ', 'Stephen Young, ', 'Michael Strong', '']",94146,$61.70M
Spartacus,1960),PG-13,197," Adventure, Biography, Drama            ",7.9,87        ,Stanley Kubrick,"['Kirk Douglas, ', 'Laurence Olivier, ', 'Jean Simmons, ', 'Charles Laughton', '']",125007,$30.00M
Dunkirk,2017),PG-13,106," Action, Drama, History            ",7.8,94        ,Christopher Nolan,"['Fionn Whitehead, ', 'Barry Keoghan, ', 'Mark Rylance, ', 'Tom Hardy', '']",562406,$188.37M
Land of Mine,2015),R,100," Drama, History, War            ",7.8,75        ,Martin Zandvliet,"['Roland Møller, ', 'Louis Hofmann, ', 'Joel Basman, ', 'Mikkel Boe Følsgaard', '']",36056,$0.44M
The Wind Rises,2013),PG-13,126," Animation, Biography, Drama            ",7.8,83        ,Hayao Miyazaki,"['Hideaki Anno, ', 'Hidetoshi Nishijima, ', 'Miori Takimoto, ', 'Masahiko Nishimura', '']",74713,$5.21M
The Boy in the Striped Pajamas,2008),PG-13,94," Drama, History, War            ",7.8,0,Mark Herman,"['Asa Butterfield, ', 'David Thewlis, ', 'Rupert Friend, ', ""Zac Mattoon O'Brien"", '']",192219,$9.03M
Atonement,2007),R,123," Drama, Mystery, Romance            ",7.8,85        ,Joe Wright,"['Keira Knightley, ', 'James McAvoy, ', 'Brenda Blethyn, ', 'Saoirse Ronan', '']",253640,$50.93M
Joint Security Area,2000),Not Rated,110," Action, Drama, Thriller            ",7.8,0,Chan-wook Park,"['Lee Yeong-ae, ', 'Lee Byung-Hun, ', 'Kang-ho Song, ', 'Kim Tae-Woo', '']",26830,0
Glory,1989),R,122," Biography, Drama, History            ",7.8,78        ,Edward Zwick,"['Matthew Broderick, ', 'Denzel Washington, ', 'Cary Elwes, ', 'Morgan Freeman', '']",124066,$26.83M
The Killing Fields,1984),R,141," Biography, Drama, History            ",7.8,76        ,Roland Joffé,"['Sam Waterston, ', 'Haing S. Ngor, ', 'John Malkovich, ', 'Julian Sands', '']",51941,$34.70M
The Man Who Would Be King,1975),PG,129," Adventure, History, War            ",7.8,91        ,John Huston,"['Sean Connery, ', 'Michael Caine, ', 'Christopher Plummer, ', 'Saeed Jaffrey', '']",45323,0
The Longest Day,1962),G,178," Action, Drama, History            ",7.8,75        ,"Ken Annakin, ","['Bernhard Wicki, ', 'Darryl F. Zanuck', '| ', '    Stars:', 'John Wayne, ']",52345,$39.10M
To Have and Have Not,1944),Passed,100," Adventure, Comedy, Film-Noir            ",7.8,0,Howard Hawks,"['Humphrey Bogart, ', 'Lauren Bacall, ', 'Walter Brennan, ', 'Dolores Moran', '']",31291,0
Duck Soup,1933),Not Rated,69," Comedy, Musical, War            ",7.8,93        ,Leo McCarey,"['Groucho Marx, ', 'Harpo Marx, ', 'Chico Marx, ', 'Zeppo Marx', '']",55801,0
Beasts of No Nation,2015),Not Rated,137," Drama, War            ",7.7,79        ,Cary Joji Fukunaga,"['Abraham Attah, ', 'Emmanuel Affadzi, ', 'Ricky Adelayitor, ', 'Andrew Adote', '']",74604,$0.08M
Joyeux Noel,2005),PG-13,116," Drama, History, Music            ",7.7,70        ,Christian Carion,"['Diane Kruger, ', 'Benno Fürmann, ', 'Guillaume Canet, ', 'Natalie Dessay', '']",28104,$1.05M
Black Book,2006),R,145," Drama, Thriller, War            ",7.7,71        ,Paul Verhoeven,"['Carice van Houten, ', 'Sebastian Koch, ', 'Thom Hoffman, ', 'Halina Reijn', '']",72942,$4.40M
Black Hawk Down,2001),R,144," Drama, History, War            ",7.7,74        ,Ridley Scott,"['Josh Hartnett, ', 'Ewan McGregor, ', 'Tom Sizemore, ', 'Eric Bana', '']",366142,$108.64M
The Last of the Mohicans,1992),R,112," Action, Adventure, Drama            ",7.7,76        ,Michael Mann,"['Daniel Day-Lewis, ', 'Madeleine Stowe, ', 'Russell Means, ', 'Eric Schweig', '']",152105,$75.51M
Empire of the Sun,1987),PG,153," Action, Drama, History            ",7.7,62        ,Steven Spielberg,"['Christian Bale, ', 'John Malkovich, ', 'Miranda Richardson, ', 'Nigel Havers', '']",116603,$22.24M
Love and Death,1975),PG,85," Comedy, War            ",7.7,89        ,Woody Allen,"['Woody Allen, ', 'Diane Keaton, ', 'Georges Adet, ', 'Frank Adu', '']",36280,0
Where Eagles Dare,1968),M,158," Action, Adventure, War            ",7.7,63        ,Brian G. Hutton,"['Richard Burton, ', 'Clint Eastwood, ', 'Mary Ure, ', 'Patrick Wymark', '']",52225,0
The Dirty Dozen,1967),Not Rated,150," Action, Adventure, War            ",7.7,73        ,Robert Aldrich,"['Lee Marvin, ', 'Ernest Borgnine, ', 'Charles Bronson, ', 'John Cassavetes', '']",67523,$45.30M
Zulu,1964),Not Rated,138," Drama, History, War            ",7.7,77        ,Cy Endfield,"['Stanley Baker, ', 'Jack Hawkins, ', 'Ulla Jacobsson, ', 'James Booth', '']",36273,0
The African Queen,1951),PG,105," Adventure, Drama, Romance            ",7.7,91        ,John Huston,"['Humphrey Bogart, ', 'Katharine Hepburn, ', 'Robert Morley, ', 'Peter Bull', '']",71924,$0.54M
Fury,2014),R,134," Action, Drama, War            ",7.6,64        ,David Ayer,"['Brad Pitt, ', 'Shia LaBeouf, ', 'Logan Lerman, ', 'Michael Peña', '']",430636,$85.82M
Les Misérables,2012),PG-13,158," Drama, History, Musical            ",7.6,63        ,Tom Hooper,"['Hugh Jackman, ', 'Russell Crowe, ', 'Anne Hathaway, ', 'Amanda Seyfried', '']",310607,$148.81M
The Flowers of War,2011),R,146," Drama, History, Romance            ",7.6,0,Yimou Zhang,"['Christian Bale, ', 'Ni Ni, ', 'Xinyi Zhang, ', 'Tianyuan Huang', '']",49942,$0.01M
The Book Thief,2013),PG-13,131," Drama, War            ",7.6,0,Brian Percival,"['Sophie Nélisse, ', 'Geoffrey Rush, ', 'Emily Watson, ', 'Ben Schnetzer', '']",128015,$21.49M
The Counterfeiters,2007),R,99," Crime, Drama, History            ",7.6,78        ,Stefan Ruzowitzky,"['Karl Markovics, ', 'August Diehl, ', 'Devid Striesow, ', 'Martin Brambach', '']",43393,$5.48M
Jodhaa Akbar,2008),Not Rated,213," Action, Drama, History            ",7.6,69        ,Ashutosh Gowariker,"['Hrithik Roshan, ', 'Aishwarya Rai Bachchan, ', 'Sonu Sood, ', 'Poonam Sinha', '']",30094,$3.44M
Sophie Scholl: The Final Days,2005),Not Rated,120," Biography, Crime, Drama            ",7.6,76        ,Marc Rothemund,"['Julia Jentsch, ', 'Fabian Hinrichs, ', 'Alexander Held, ', 'Johanna Gastdorf', '']",26574,$0.68M
A Very Long Engagement,2004),R,133," Drama, Mystery, Romance            ",7.6,76        ,Jean-Pierre Jeunet,"['Audrey Tautou, ', 'Gaspard Ulliel, ', 'Jodie Foster, ', 'Dominique Pinon', '']",71128,$6.17M
Enemy at the Gates,2001),R,131," Drama, History, War            ",7.6,0,Jean-Jacques Annaud,"['Jude Law, ', 'Ed Harris, ', 'Joseph Fiennes, ', 'Rachel Weisz', '']",245069,$51.40M
The Thin Red Line,1998),R,170," Drama, War            ",7.6,78        ,Terrence Malick,"['Jim Caviezel, ', 'Sean Penn, ', 'Nick Nolte, ', 'Kirk Acevedo', '']",173914,$36.40M
Mulan,1998),G,88," Animation, Adventure, Family            ",7.6,71        ,"Tony Bancroft, ","['    Stars:', 'Ming-Na Wen, ', 'Eddie Murphy, ', 'BD Wong, ', 'Miguel Ferrer']",258902,$120.62M
Legends of the Fall,1994),R,133," Drama, Romance, War            ",7.6,0,Edward Zwick,"['Brad Pitt, ', 'Anthony Hopkins, ', 'Aidan Quinn, ', 'Julia Ormond', '']",150535,$66.64M
Gettysburg,1993),PG,271," Drama, History, War            ",7.6,0,Ron Maxwell,"['Tom Berenger, ', 'Martin Sheen, ', 'Stephen Lang, ', 'Richard Jordan', '']",26156,$10.77M
Hair,1979),PG,121," Comedy, Drama, Musical            ",7.6,68        ,Milos Forman,"['John Savage, ', 'Treat Williams, ', ""Beverly D'Angelo, "", 'Annie Golden', '']",35297,$15.28M
Duck You Sucker,1971),PG,138," Drama, War, Western            ",7.6,77        ,Sergio Leone,"['Rod Steiger, ', 'James Coburn, ', 'Romolo Valli, ', 'Maria Monti', '']",30397,$0.70M
Kelly's Heroes,1970),GP,144," Adventure, Comedy, War            ",7.6,0,Brian G. Hutton,"['Clint Eastwood, ', 'Telly Savalas, ', 'Don Rickles, ', ""Carroll O'Connor"", '']",45562,$1.38M
From Here to Eternity,1953),Passed,118," Drama, Romance, War            ",7.6,85        ,Fred Zinnemann,"['Burt Lancaster, ', 'Montgomery Clift, ', 'Deborah Kerr, ', 'Donna Reed', '']",43686,$30.50M
Lifeboat,1944),Not Rated,97," Drama, War            ",7.6,78        ,Alfred Hitchcock,"['Tallulah Bankhead, ', 'John Hodiak, ', 'Walter Slezak, ', 'William Bendix', '']",26622,0
Son of Saul,2015),R,107," Drama, War            ",7.5,91        ,László Nemes,"['Géza Röhrig, ', 'Levente Molnár, ', 'Urs Rechn, ', 'Todd Charmont', '']",45480,$1.78M
Lone Survivor,2013),R,121," Action, Biography, Drama            ",7.5,0,Peter Berg,"['Mark Wahlberg, ', 'Taylor Kitsch, ', 'Emile Hirsch, ', 'Ben Foster', '']",267906,$125.10M
The Hurt Locker,2008),R,131," Drama, Thriller, War            ",7.5,95        ,Kathryn Bigelow,"['Jeremy Renner, ', 'Anthony Mackie, ', 'Brian Geraghty, ', 'Guy Pearce', '']",423973,$17.02M
"Lust, Caution",2007),NC-17,157," Drama, History, Romance            ",7.5,61        ,Ang Lee,"['Tony Chiu-Wai Leung, ', 'Tang Wei, ', 'Joan Chen, ', 'Leehom Wang', '']",37641,$4.60M
The Wind that Shakes the Barley,2006),Not Rated,127," Drama, War            ",7.5,82        ,Ken Loach,"['Cillian Murphy, ', 'Pádraic Delaney, ', 'Liam Cunningham, ', 'Orla Fitzgerald', '']",47004,$1.83M
Green Street Hooligans,2005),R,109," Crime, Drama, Sport            ",7.5,0,Lexi Alexander,"['Elijah Wood, ', 'Charlie Hunnam, ', 'Claire Forlani, ', 'Marc Warren', '']",142484,$0.34M
Malena,2000),R,108," Comedy, Drama, Romance            ",7.5,0,Giuseppe Tornatore,"['Monica Bellucci, ', 'Giuseppe Sulfaro, ', 'Luciano Federico, ', 'Matilde Piana', '']",91335,$3.43M
Stalingrad,1993),Not Rated,134," Drama, War            ",7.5,0,Joseph Vilsmaier,"['Dominique Horwitz, ', 'Thomas Kretschmann, ', 'Jochen Nickel, ', 'Sebastian Rudolph', '']",31123,$0.08M
Henry V,1989),PG-13,137," Action, Biography, Drama            ",7.5,83        ,Kenneth Branagh,"['Kenneth Branagh, ', 'Derek Jacobi, ', 'Simon Shepherd, ', 'James Larkin', '']",28332,$10.16M
Cross of Iron,1977),R,119," Drama, War            ",7.5,0,Sam Peckinpah,"['James Coburn, ', 'Maximilian Schell, ', 'James Mason, ', 'David Warner', '']",25192,0
Tora! Tora! Tora!,1970),G,144," Action, Drama, History            ",7.5,0,"Richard Fleischer, ","['Akira Kurosawa', '| ', '    Stars:', 'Martin Balsam, ', 'Sô Yamamura, ']",31886,$29.55M
The Guns of Navarone,1961),TV-PG,158," Action, Adventure, Drama            ",7.5,0,J. Lee Thompson,"['David Niven, ', 'Gregory Peck, ', 'Anthony Quinn, ', 'Anthony Quayle', '']",45800,$28.90M
Darkest Hour,2017),PG-13,125," Biography, Drama, History            ",7.4,75        ,Joe Wright,"['Gary Oldman, ', 'Lily James, ', 'Kristin Scott Thomas, ', 'Ben Mendelsohn', '']",174215,$56.47M
Mudbound,2017),R,134," Drama, War            ",7.4,85        ,Dee Rees,"['Jason Mitchell, ', 'Carey Mulligan, ', 'Jason Clarke, ', 'Mary J. Blige', '']",43360,0
Zero Dark Thirty,2012),R,157," Drama, History, Thriller            ",7.4,95        ,Kathryn Bigelow,"['Jessica Chastain, ', 'Joel Edgerton, ', 'Chris Pratt, ', 'Mark Strong', '']",274082,$95.72M
The Guernsey Literary and Potato Peel Pie Society,2018),TV-14,124," Drama, Romance, War            ",7.4,65        ,Mike Newell,"['Jessica Brown Findlay, ', 'Tom Courtenay, ', 'Michiel Huisman, ', 'Katherine Parkinson', '']",36450,0
Wonder Woman,2017),PG-13,141," Action, Adventure, Fantasy            ",7.4,76        ,Patty Jenkins,"['Gal Gadot, ', 'Chris Pine, ', 'Robin Wright, ', 'Lucy Davis', '']",574711,$412.56M
Red Cliff,2008),R,148," Action, Adventure, Drama            ",7.4,73        ,John Woo,"['Tony Chiu-Wai Leung, ', 'Takeshi Kaneshiro, ', 'Fengyi Zhang, ', 'Chen Chang', '']",43904,$0.63M
Master and Commander: The Far Side of the World,2003),PG-13,138," Action, Adventure, Drama            ",7.4,81        ,Peter Weir,"['Russell Crowe, ', 'Paul Bettany, ', 'Billy Boyd, ', ""James D'Arcy"", '']",204095,$93.93M
The English Patient,1996),R,162," Drama, Romance, War            ",7.4,87        ,Anthony Minghella,"['Ralph Fiennes, ', 'Juliette Binoche, ', 'Willem Dafoe, ', 'Kristin Scott Thomas', '']",179783,$78.65M
Gallipoli,1981),PG,110," Adventure, Drama, History            ",7.4,65        ,Peter Weir,"['Mel Gibson, ', 'Mark Lee, ', 'Bill Kerr, ', 'Harold Hopkins', '']",37034,$5.73M
A Bridge Too Far,1977),PG,175," Drama, History, War            ",7.4,63        ,Richard Attenborough,"['Sean Connery, ', ""Ryan O'Neal, "", 'Michael Caine, ', 'Laurence Olivier', '']",52544,$50.80M
MASH,1970),R,116," Comedy, Drama, War            ",7.4,80        ,Robert Altman,"['Donald Sutherland, ', 'Elliott Gould, ', 'Tom Skerritt, ', 'Sally Kellerman', '']",67755,$81.60M
Official Secrets,2019),R,112," Biography, Crime, Drama            ",7.3,63        ,Gavin Hood,"['Keira Knightley, ', 'Matt Smith, ', 'Matthew Goode, ', 'Rhys Ifans', '']",35286,$0.40M
13 Hours,2016),R,144," Action, Drama, History            ",7.3,0,Michael Bay,"['John Krasinski, ', 'Pablo Schreiber, ', 'James Badge Dale, ', 'David Denman', '']",120916,$52.85M
American Sniper,2014),R,133," Action, Biography, Drama            ",7.3,72        ,Clint Eastwood,"['Bradley Cooper, ', 'Sienna Miller, ', 'Kyle Gallner, ', 'Cole Konis', '']",442611,$350.13M
Eye in the Sky,2015),R,102," Action, Drama, Thriller            ",7.3,73        ,Gavin Hood,"['Helen Mirren, ', 'Aaron Paul, ', 'Alan Rickman, ', 'Barkhad Abdi', '']",79994,$18.70M
Testament of Youth,2014),PG-13,129," Biography, Drama, History            ",7.3,76        ,James Kent,"['Alicia Vikander, ', 'Kit Harington, ', 'Taron Egerton, ', 'Dominic West', '']",26838,$1.82M
Max Manus: Man of War,2008),Not Rated,118," Action, Biography, Drama            ",7.3,0,"Joachim Rønning, ","['    Stars:', 'Aksel Hennie, ', 'Agnes Kittelsen, ', 'Nicolai Cleve Broch, ', 'Ken Duken']",26692,0
Rescue Dawn,2006),PG-13,120," Action, Biography, Drama            ",7.3,77        ,Werner Herzog,"['Christian Bale, ', 'Steve Zahn, ', 'Jeremy Davies, ', 'Zach Grenier', '']",101518,$5.49M
Lincoln,2012),PG-13,150," Biography, Drama, History            ",7.3,86        ,Steven Spielberg,"['Daniel Day-Lewis, ', 'Sally Field, ', 'David Strathairn, ', 'Joseph Gordon-Levitt', '']",246276,$182.21M
Crimson Tide,1995),R,116," Action, Drama, Thriller            ",7.3,66        ,Tony Scott,"['Gene Hackman, ', 'Denzel Washington, ', 'Matt Craven, ', 'George Dzundza', '']",102614,$91.40M
"Good Morning, Vietnam",1987),R,121," Biography, Comedy, Drama            ",7.3,67        ,Barry Levinson,"['Robin Williams, ', 'Forest Whitaker, ', 'Tom. T. Tran, ', 'Chintara Sukapatana', '']",126954,$123.92M
The King,I) (2019),R,140," Biography, Drama, History            ",7.2,62        ,David Michôd,"['Tom Glynn-Carney, ', 'Gábor Czap, ', 'Tom Fisher, ', 'Edward Ashley', '']",91420,0
Anthropoid,2016),R,120," Action, Biography, Drama            ",7.2,0,Sean Ellis,"['Jamie Dornan, ', 'Cillian Murphy, ', 'Brian Caspe, ', 'Karel Hermánek Jr.', '']",44330,$2.96M
The Siege of Jadotville,2016),TV-MA,108," Action, Drama, History            ",7.2,0,Richie Smyth,"['Richard Lukunku, ', 'Danny Sapani, ', 'Andrew Stock, ', 'Mark Strong', '']",32943,0
Bajirao Mastani,2015),Not Rated,158," Action, Drama, History            ",7.2,0,Sanjay Leela Bhansali,"['Ranveer Singh, ', 'Deepika Padukone, ', 'Priyanka Chopra, ', 'Tanvi Azmi', '']",31534,$6.56M
'71,2014),R,99," Action, Crime, Drama            ",7.2,83        ,Yann Demange,"[""Jack O'Connell, "", 'Sam Reid, ', 'Sean Harris, ', 'Paul Popplewell', '']",51605,$1.27M
Unbroken,I) (2014),PG-13,137," Action, Biography, Drama            ",7.2,0,Angelina Jolie,"[""Jack O'Connell, "", 'Miyavi, ', 'Domhnall Gleeson, ', 'Garrett Hedlund', '']",150918,$115.64M
War Horse,2011),PG-13,146," Action, Adventure, Drama            ",7.2,72        ,Steven Spielberg,"['Jeremy Irvine, ', 'Emily Watson, ', 'David Thewlis, ', 'Benedict Cumberbatch', '']",147915,$79.88M
Defiance,I) (2008),R,137," Action, Drama, History            ",7.2,0,Edward Zwick,"['Daniel Craig, ', 'Liev Schreiber, ', 'Jamie Bell, ', 'Alexa Davalos', '']",138906,$28.64M
Che: Part One,2008),Not Rated,134," Biography, Drama, History            ",7.2,0,Steven Soderbergh,"['Julia Ormond, ', 'Benicio Del Toro, ', 'Oscar Isaac, ', 'Pablo Guevara', '']",44409,$1.73M
Mongol: The Rise of Genghis Khan,2007),R,126," Action, Biography, Drama            ",7.2,74        ,Sergei Bodrov,"['Tadanobu Asano, ', 'Amadu Mamadakov, ', 'Khulan Chuluun, ', 'Honglei Sun', '']",44812,$5.70M
Kingdom of Heaven,2005),R,144," Action, Adventure, Drama            ",7.2,63        ,Ridley Scott,"['Orlando Bloom, ', 'Eva Green, ', 'Liam Neeson, ', 'Martin Hancock', '']",268362,$47.40M
We Were Soldiers,2002),R,138," Action, Drama, History            ",7.2,65        ,Randall Wallace,"['Mel Gibson, ', 'Madeleine Stowe, ', 'Greg Kinnear, ', 'Sam Elliott', '']",131009,$78.12M
The Patriot,2000),R,165," Action, Drama, History            ",7.2,63        ,Roland Emmerich,"['Mel Gibson, ', 'Heath Ledger, ', 'Joely Richardson, ', 'Jason Isaacs', '']",255854,$113.33M
Cold Mountain,2003),R,154," Adventure, Drama, History            ",7.2,73        ,Anthony Minghella,"['Jude Law, ', 'Nicole Kidman, ', 'Renée Zellweger, ', 'Eileen Atkins', '']",140530,$95.64M
Michael Collins,1996),R,133," Biography, Drama, Thriller            ",7.2,0,Neil Jordan,"['Liam Neeson, ', 'Aidan Quinn, ', 'Julia Roberts, ', 'Ian Hart', '']",29698,$11.09M
Born on the Fourth of July,1989),R,145," Biography, Drama, War            ",7.2,75        ,Oliver Stone,"['Tom Cruise, ', 'Bryan Larkin, ', 'Raymond J. Barry, ', 'Caroline Kava', '']",98933,$70.00M
Allied,2016),R,124," Action, Drama, Romance            ",7.1,0,Robert Zemeckis,"['Brad Pitt, ', 'Marion Cotillard, ', 'Jared Harris, ', 'Vincent Ebrahim', '']",142870,$40.10M
The Railway Man,2013),R,116," Biography, Drama, Romance            ",7.1,0,Jonathan Teplitzky,"['Colin Firth, ', 'Nicole Kidman, ', 'Stellan Skarsgård, ', 'Jeremy Irvine', '']",37624,$4.44M
War Dogs,2016),R,114," Biography, Comedy, Crime            ",7.1,0,Todd Phillips,"['Jonah Hill, ', 'Miles Teller, ', 'Steve Lantz, ', 'Gregg Weiner', '']",181982,$43.03M
Valkyrie,2008),PG-13,121," Drama, History, Thriller            ",7.1,0,Bryan Singer,"['Tom Cruise, ', 'Bill Nighy, ', 'Carice van Houten, ', 'Kenneth Branagh', '']",229614,$83.08M
The Messenger,I) (2009),R,113," Drama, Romance, War            ",7.1,77        ,Oren Moverman,"['Ben Foster, ', 'Samantha Morton, ', 'Woody Harrelson, ', 'Jena Malone', '']",33992,$0.07M
Brothers,I) (2009),R,105," Action, Drama, Thriller            ",7.1,0,Jim Sheridan,"['Jake Gyllenhaal, ', 'Natalie Portman, ', 'Tobey Maguire, ', 'Sam Shepard', '']",112744,$28.50M
Flags of Our Fathers,2006),R,135," Action, Adventure, Drama            ",7.1,79        ,Clint Eastwood,"['Ryan Phillippe, ', 'Barry Pepper, ', 'Joseph Cross, ', 'Jesse Bradford', '']",117970,$33.60M
Three Kings,1999),R,114," Action, Adventure, Comedy            ",7.1,82        ,David O. Russell,"['George Clooney, ', 'Mark Wahlberg, ', 'Ice Cube, ', 'Spike Jonze', '']",160697,$60.65M
Seven Years in Tibet,1997),PG-13,136," Adventure, Biography, Drama            ",7.1,0,Jean-Jacques Annaud,"['Brad Pitt, ', 'David Thewlis, ', 'BD Wong, ', 'Mako', '']",130656,$37.96M
Casualties of War,1989),R,113," Action, Crime, Drama            ",7.1,75        ,Brian De Palma,"['Michael J. Fox, ', 'Sean Penn, ', 'Don Harvey, ', 'John C. Reilly', '']",41327,$18.67M
Greyhound,2020),PG-13,91," Action, Drama, History            ",7.0,64        ,Aaron Schneider,"['Tom Hanks, ', 'Elisabeth Shue, ', 'Stephen Graham, ', 'Matt Helm', '']",70964,0
Padmaavat,2018),Not Rated,164," Drama, History, Romance            ",7.0,63        ,Sanjay Leela Bhansali,"['Deepika Padukone, ', 'Ranveer Singh, ', 'Shahid Kapoor, ', 'Aditi Rao Hydari', '']",27826,$11.85M
The Water Diviner,2014),R,111," Drama, History, War            ",7.0,0,Russell Crowe,"['Russell Crowe, ', 'Olga Kurylenko, ', 'Jai Courtney, ', 'Isabel Lucas', '']",71887,$4.19M
The Zookeeper's Wife,2017),PG-13,127," Biography, Drama, History            ",7.0,0,Niki Caro,"['Jessica Chastain, ', 'Johan Heldenbergh, ', 'Daniel Brühl, ', 'Timothy Radford', '']",38995,$17.45M
Tropic Thunder,2008),R,107," Action, Comedy, War            ",7.0,71        ,Ben Stiller,"['Ben Stiller, ', 'Jack Black, ', 'Robert Downey Jr., ', 'Jeff Kahn', '']",380067,$110.52M
The Warlords,2007),R,126," Action, Adventure, Drama            ",7.0,70        ,"Peter Ho-Sun Chan, ","['    Stars:', 'Jet Li, ', 'Andy Lau, ', 'Takeshi Kaneshiro, ', 'Jinglei Xu']",25823,$0.13M
Jarhead,2005),R,125," Action, Biography, Drama            ",7.0,0,Sam Mendes,"['Jake Gyllenhaal, ', 'Jamie Foxx, ', 'Lucas Black, ', 'Scott MacDonald', '']",176324,$62.66M
The Quiet American,2002),R,101," Drama, Romance, Thriller            ",7.0,84        ,Phillip Noyce,"['Michael Caine, ', 'Brendan Fraser, ', 'Thi Hai Yen Do, ', 'Rade Serbedzija', '']",27268,$12.99M
Kundun,1997),PG-13,134," Biography, Drama, History            ",7.0,74        ,Martin Scorsese,"['Tenzin Thuthob Tsarong, ', 'Gyurme Tethong, ', 'Tulku Jamyang Kunga Tenzin, ', 'Tenzin Yeshi Paichang', '']",26465,$5.53M
Outlaw King,2018),R,121," Action, Biography, Drama            ",6.9,0,David Mackenzie,"['Chris Pine, ', 'Stephen Dillane, ', 'Rebecca Robin, ', 'Billy Howle', '']",61217,0
Camp X-Ray,2014),R,117," Drama, War            ",6.9,0,Peter Sattler,"['Kristen Stewart, ', 'Payman Maadi, ', 'Lane Garrison, ', 'Tara Holt', '']",39485,$0.01M
Legend of the Guardians: The Owls of Ga'Hoole,2010),PG,97," Animation, Action, Adventure            ",6.9,0,Zack Snyder,"['Jim Sturgess, ', 'Hugo Weaving, ', 'David Wenham, ', 'Emily Barclay', '']",78258,$55.68M
Free State of Jones,2016),R,139," Action, Biography, Drama            ",6.9,0,Gary Ross,"['Matthew McConaughey, ', 'Gugu Mbatha-Raw, ', 'Mahershala Ali, ', 'Keri Russell', '']",53176,$20.76M
Che: Part Two,2008),Not Rated,135," Biography, Drama, History            ",6.9,64        ,Steven Soderbergh,"['Demián Bichir, ', 'Rodrigo Santoro, ', 'Benicio Del Toro, ', 'Catalina Sandino Moreno', '']",32362,0
Tigerland,2000),R,101," Drama, War            ",6.9,0,Joel Schumacher,"['Colin Farrell, ', 'Matthew Davis, ', 'Clifton Collins Jr., ', 'Tom Guiry', '']",38109,$0.14M
Memphis Belle,1990),PG-13,107," Action, Drama, War            ",6.9,0,Michael Caton-Jones,"['Matthew Modine, ', 'Eric Stoltz, ', 'Tate Donovan, ', 'D.B. Sweeney', '']",26916,$27.44M
Heartbreak Ridge,1986),R,130," Drama, War            ",6.9,0,Clint Eastwood,"['Clint Eastwood, ', 'Marsha Mason, ', 'Everett McGill, ', 'Moses Gunn', '']",39926,$42.72M
Stripes,1981),R,106," Comedy, War            ",6.9,68        ,Ivan Reitman,"['Bill Murray, ', 'John Candy, ', 'Harold Ramis, ', 'Warren Oates', '']",66114,$85.30M
Tolkien,2019),PG-13,112," Biography, Drama, Romance            ",6.8,0,Dome Karukoski,"['Nicholas Hoult, ', 'Lily Collins, ', 'Colm Meaney, ', 'Derek Jacobi', '']",33813,$4.54M
Green Zone,2010),R,115," Action, Drama, Thriller            ",6.8,63        ,Paul Greengrass,"['Matt Damon, ', 'Jason Isaacs, ', 'Greg Kinnear, ', 'Igal Naor', '']",130135,$35.05M
Elizabeth: The Golden Age,2007),PG-13,114," Biography, Drama, History            ",6.8,0,Shekhar Kapur,"['Cate Blanchett, ', 'Clive Owen, ', 'Geoffrey Rush, ', 'Jordi Mollà', '']",68044,$16.29M
Tristan + Isolde,2006),PG-13,125," Action, Drama, Romance            ",6.8,0,Kevin Reynolds,"['James Franco, ', 'Sophia Myles, ', 'Rufus Sewell, ', ""David O'Hara"", '']",50632,$14.73M
Midway,2019),PG-13,138," Action, Adventure, Drama            ",6.7,0,Roland Emmerich,"['Ed Skrein, ', 'Patrick Wilson, ', 'Woody Harrelson, ', 'Luke Evans', '']",68158,0
Max,I) (2015),PG,111," Adventure, Drama, Family            ",6.7,0,Boaz Yakin,"['Thomas Haden Church, ', 'Josh Wiggins, ', 'Luke Kleintank, ', 'Lauren Graham', '']",25819,$42.65M
Conquest 1453,2012),Not Rated,162," Action, Drama, History            ",6.7,0,Faruk Aksoy,"['Devrim Evin, ', 'Ibrahim Celikkol, ', 'Dilek Serbest, ', 'Cengiz Coskun', '']",56796,$0.07M
Seraphim Falls,2006),R,115," Action, Drama, Thriller            ",6.7,62        ,David Von Ancken,"['Pierce Brosnan, ', 'Liam Neeson, ', 'Anjelica Huston, ', 'Michael Wincott', '']",29840,$0.42M
K-19: The Widowmaker,2002),PG-13,138," Drama, History, Thriller            ",6.7,0,Kathryn Bigelow,"['Harrison Ford, ', 'Sam Spruell, ', 'Peter Stebbings, ', 'Christian Camargo', '']",59918,$35.17M
Victory,1981),PG,116," Drama, Sport, War            ",6.7,0,John Huston,"['Michael Caine, ', 'Sylvester Stallone, ', 'Pelé, ', 'Bobby Moore', '']",27960,$10.85M
Operation Finale,2018),PG-13,122," Biography, Drama, History            ",6.6,0,Chris Weitz,"['Oscar Isaac, ', 'Ben Kingsley, ', 'Mélanie Laurent, ', 'Lior Raz', '']",34025,$17.61M
Overlord,2018),R,110," Action, Adventure, Horror            ",6.6,0,Julius Avery,"['Jovan Adepo, ', 'Wyatt Russell, ', 'Mathilde Ollivier, ', 'Pilou Asbæk', '']",87276,$21.70M
Whiskey Tango Foxtrot,2016),R,112," Biography, Comedy, Drama            ",6.6,0,"Glenn Ficarra, ","['    Stars:', 'Tina Fey, ', 'Margot Robbie, ', 'Martin Freeman, ', 'Alfred Molina']",49906,$23.05M
Macbeth,I) (2015),R,113," Drama, History, War            ",6.6,71        ,Justin Kurzel,"['Michael Fassbender, ', 'Marion Cotillard, ', 'Jack Madigan, ', 'Frank Madigan', '']",53170,$1.11M
The Grandmaster,2013),PG-13,130," Action, Biography, Drama            ",6.6,73        ,Kar-Wai Wong,"['Tony Chiu-Wai Leung, ', 'Ziyi Zhang, ', 'Jin Zhang, ', 'Chen Chang', '']",31783,$6.59M
12 Strong,2018),R,130," Action, Drama, History            ",6.6,0,Nicolai Fuglsig,"['Chris Hemsworth, ', 'Michael Shannon, ', 'Michael Peña, ', 'Navid Negahban', '']",68862,$45.50M
A Mighty Heart,2007),R,108," Biography, Drama, History            ",6.6,74        ,Michael Winterbottom,"['Angelina Jolie, ', 'Dan Futterman, ', 'Irrfan Khan, ', 'Archie Panjabi', '']",26841,$9.18M
Australia,2008),PG-13,165," Adventure, Comedy, Drama            ",6.6,0,Baz Luhrmann,"['Nicole Kidman, ', 'Hugh Jackman, ', 'Shea Adams, ', 'Eddie Baroo', '']",119631,$49.55M
Tears of the Sun,2003),R,121," Action, Drama, Thriller            ",6.6,0,Antoine Fuqua,"['Bruce Willis, ', 'Cole Hauser, ', 'Monica Bellucci, ', 'Eamonn Walker', '']",113110,$43.73M
U-571,2000),PG-13,116," Action, War            ",6.6,62        ,Jonathan Mostow,"['Matthew McConaughey, ', 'Bill Paxton, ', 'Harvey Keitel, ', 'Jon Bon Jovi', '']",78057,$77.09M
Courage Under Fire,1996),R,116," Action, Drama, Mystery            ",6.6,77        ,Edward Zwick,"['Denzel Washington, ', 'Meg Ryan, ', 'Lou Diamond Phillips, ', 'Michael Moriarty', '']",50610,$59.03M
Da 5 Bloods,2020),R,154," Adventure, Drama, War            ",6.5,82        ,Spike Lee,"['Delroy Lindo, ', 'Jonathan Majors, ', 'Clarke Peters, ', 'Norm Lewis', '']",41325,0
Imperium,2016),R,109," Biography, Crime, Drama            ",6.5,68        ,Daniel Ragussis,"['Daniel Radcliffe, ', 'Toni Collette, ', 'Tracy Letts, ', 'Sam Trammell', '']",42601,0
The Promise,II) (2016,PG-13,133," Action, Adventure, Drama            ",6.5,0,Terry George,"['Oscar Isaac, ', 'Charlotte Le Bon, ', 'Christian Bale, ', 'Daniel Giménez Cacho', '']",173105,0
How I Live Now,2013),R,101," Action, Drama, Romance            ",6.5,0,Kevin Macdonald,"['Saoirse Ronan, ', 'Tom Holland, ', 'George MacKay, ', 'Harley Bird', '']",28409,$0.06M
Act of Valor,2012),R,110," Action, Adventure, Thriller            ",6.5,0,"Mike McCoy, ","['    Stars:', 'Alex Veadov, ', 'Roselyn Sanchez, ', 'Nestor Serrano, ', 'Rorke Denver']",66635,$70.01M
The Lucky One,2012),PG-13,101," Drama, Mystery, Romance            ",6.5,0,Scott Hicks,"['Zac Efron, ', 'Taylor Schilling, ', 'Blythe Danner, ', 'Riley Thomas Stewart', '']",102040,$60.46M
Flyboys,2006),PG-13,140," Action, Drama, History            ",6.5,0,Tony Bill,"['James Franco, ', 'Jean Reno, ', 'Jennifer Decker, ', 'Scott Hazell', '']",41353,$13.08M
Beyond Borders,2003),R,127," Adventure, Drama, Romance            ",6.5,0,Martin Campbell,"['Clive Owen, ', 'Angelina Jolie, ', 'Linus Roache, ', 'Teri Polo', '']",26173,$4.43M
The Four Feathers,2002),PG-13,132," Action, Adventure, Drama            ",6.5,0,Shekhar Kapur,"['Heath Ledger, ', 'Wes Bentley, ', 'Kate Hudson, ', 'Mohamed Bouich', '']",32740,$18.31M
Centurion,2010),R,97," Action, Drama, History            ",6.4,62        ,Neil Marshall,"['Michael Fassbender, ', 'Dominic West, ', 'Olga Kurylenko, ', 'Andreas Wisniewski', '']",78591,$0.12M
The Sum of All Fears,2002),PG-13,124," Action, Drama, Thriller            ",6.4,0,Phil Alden Robinson,"['Ben Affleck, ', 'Morgan Freeman, ', 'Ian Mongrain, ', 'Russell Bobbitt', '']",105156,$118.91M
Rules of Engagement,2000),R,128," Drama, Thriller, War            ",6.4,0,William Friedkin,"['Tommy Lee Jones, ', 'Samuel L. Jackson, ', 'Guy Pearce, ', 'Ben Kingsley', '']",44573,$61.34M
Behind Enemy Lines,2001),PG-13,106," Action, Drama, Thriller            ",6.4,0,John Moore,"['Gene Hackman, ', 'Owen Wilson, ', 'Gabriel Macht, ', 'Charles Malik Whitfield', '']",98998,$59.07M
The Messenger: The Story of Joan of Arc,1999),R,148," Adventure, Biography, Drama            ",6.4,0,Luc Besson,"['Milla Jovovich, ', 'John Malkovich, ', 'Rab Affleck, ', 'Stéphane Algoud', '']",64197,$14.28M
The Beguiled,2017),R,93," Drama, Thriller, War            ",6.3,77        ,Sofia Coppola,"['Nicole Kidman, ', 'Kirsten Dunst, ', 'Elle Fanning, ', 'Colin Farrell', '']",52696,$10.58M
Dear John,I) (2010),PG-13,108," Drama, Romance, War            ",6.3,0,Lasse Hallström,"['Channing Tatum, ', 'Amanda Seyfried, ', 'Richard Jenkins, ', 'Henry Thomas', '']",139758,$80.01M
Dracula Untold,2014),PG-13,92," Action, Drama, Fantasy            ",6.3,0,Gary Shore,"['Luke Evans, ', 'Dominic Cooper, ', 'Sarah Gadon, ', 'Art Parkinson', '']",181048,$56.28M
King Arthur,2004),PG-13,126," Action, Adventure, Drama            ",6.3,0,Antoine Fuqua,"['Clive Owen, ', 'Stephen Dillane, ', 'Keira Knightley, ', 'Ioan Gruffudd', '']",160024,$51.88M
Hart's War,2002),R,125," Drama, War            ",6.3,0,Gregory Hoblit,"['Bruce Willis, ', 'Colin Farrell, ', 'Terrence Howard, ', 'Cole Hauser', '']",50921,$19.08M
Last Knights,2015),R,115," Action, Drama, History            ",6.2,0,Kazuaki Kiriya,"['Clive Owen, ', 'Morgan Freeman, ', 'Aksel Hennie, ', 'Payman Maadi', '']",40604,0
"Tomorrow, When the War Began",2010),R,104," Action, Adventure, Drama            ",6.2,0,Stuart Beattie,"['Caitlin Stasey, ', 'Rachel Hurd-Wood, ', 'Lincoln Lewis, ', 'Deniz Akdeniz', '']",30283,0
The Men Who Stare at Goats,2009),R,94," Comedy, War            ",6.2,0,Grant Heslov,"['Ewan McGregor, ', 'George Clooney, ', 'Kevin Spacey, ', 'Jeff Bridges', '']",127356,$32.42M
The Eagle,2011),PG-13,114," Action, Adventure, Drama            ",6.2,0,Kevin Macdonald,"['Channing Tatum, ', 'Jamie Bell, ', 'Donald Sutherland, ', 'István Göz', '']",65912,$19.49M
Lions for Lambs,2007),R,92," Crime, Drama, Mystery            ",6.2,0,Robert Redford,"['Tom Cruise, ', 'Meryl Streep, ', 'Robert Redford, ', 'Michael Peña', '']",47578,$15.00M
Hannibal Rising,2007),R,121," Action, Adventure, Crime            ",6.2,0,Peter Webber,"['Gaspard Ulliel, ', 'Rhys Ifans, ', 'Li Gong, ', 'Aaran Thomas', '']",104373,$27.67M
Pearl Harbor,2001),PG-13,183," Action, Drama, History            ",6.2,0,Michael Bay,"['Ben Affleck, ', 'Kate Beckinsale, ', 'Josh Hartnett, ', 'William Lee Scott', '']",312801,$198.54M
The Monuments Men,2014),PG-13,118," Comedy, Drama, History            ",6.1,0,George Clooney,"['George Clooney, ', 'Matt Damon, ', 'Bill Murray, ', 'Cate Blanchett', '']",125305,$78.03M
Nanny McPhee Returns,2010),PG,109," Comedy, Family, Fantasy            ",6.1,0,Susanna White,"['Emma Thompson, ', 'Maggie Gyllenhaal, ', 'Ralph Fiennes, ', 'Oscar Steer', '']",28843,$29.20M
Coriolanus,2011),R,123," Drama, Thriller, War            ",6.1,79        ,Ralph Fiennes,"['Ralph Fiennes, ', 'Gerard Butler, ', 'Brian Cox, ', 'Lubna Azabal', '']",31110,$0.76M
Ironclad,2011),R,121," Action, Drama, History            ",6.1,0,Jonathan English,"['Paul Giamatti, ', 'Jason Flemyng, ', 'Brian Cox, ', 'James Purefoy', '']",40382,0
Windtalkers,2002),R,134," Action, Drama, War            ",6.1,0,John Woo,"['Nicolas Cage, ', 'Adam Beach, ', 'Peter Stormare, ', 'Noah Emmerich', '']",65734,$40.91M
War Machine,2017),TV-MA,122," Comedy, Drama, War            ",6.0,0,David Michôd,"['Brad Pitt, ', 'Daniel Betts, ', 'John Magaro, ', 'Emory Cohen', '']",42274,0
G.I. Jane,1997),R,125," Action, Drama, War            ",6.0,62        ,Ridley Scott,"['Demi Moore, ', 'Viggo Mortensen, ', 'Anne Bancroft, ', 'Jason Beghe', '']",73638,$48.17M
Red Tails,2012),PG-13,125," Action, Drama, History            ",5.9,0,Anthony Hemingway,"['Cuba Gooding Jr., ', 'Gerald McRaney, ', 'David Oyelowo, ', 'Andre Royo', '']",33630,$49.88M
Captain Corelli's Mandolin,2001),R,131," Drama, Music, Romance            ",5.9,0,John Madden,"['Nicolas Cage, ', 'Penélope Cruz, ', 'John Hurt, ', 'Christian Bale', '']",33045,$25.54M
Air America,1990),R,113," Action, Comedy, War            ",5.8,0,Roger Spottiswoode,"['Mel Gibson, ', 'Robert Downey Jr., ', 'Nancy Travis, ', 'Ken Jenkins', '']",27088,$31.05M
1941,1979),PG,118," Action, Comedy, War            ",5.8,0,Steven Spielberg,"['John Belushi, ', 'Dan Aykroyd, ', 'Treat Williams, ', 'Nancy Allen', '']",31524,$31.76M
Timeline,2003),PG-13,116," Action, Adventure, Sci-Fi            ",5.7,0,Richard Donner,"['Paul Walker, ', 'Gerard Butler, ', 'Billy Connolly, ', ""Frances O'Connor"", '']",60503,$19.48M
Alexander,2004),R,175," Action, Biography, Drama            ",5.6,0,Oliver Stone,"['Colin Farrell, ', 'Anthony Hopkins, ', 'Rosario Dawson, ', 'Angelina Jolie', '']",163050,$34.30M
The Last Legion,2007),PG-13,101," Action, Adventure, War            ",5.4,0,Doug Lefler,"['Colin Firth, ', 'Ben Kingsley, ', 'Aishwarya Rai Bachchan, ', 'Peter Mullan', '']",34297,$5.93M
Pathfinder,2007),R,99," Action, Adventure, Drama            ",5.4,0,Marcus Nispel,"['Karl Urban, ', 'Clancy Brown, ', 'Moon Bloodgood, ', 'Russell Means', '']",42791,$10.23M
The Mummy: Tomb of the Dragon Emperor,2008),PG-13,112," Action, Adventure, Fantasy            ",5.2,0,Rob Cohen,"['Brendan Fraser, ', 'Jet Li, ', 'Maria Bello, ', 'Michelle Yeoh', '']",151636,$102.49M
The Hills Have Eyes 2,2007),R,89," Action, Adventure, Horror            ",5.1,0,Martin Weisz,"['Daniella Alonso, ', 'Jacob Vargas, ', 'Michael Bailey Smith, ', 'Cécile Breccia', '']",61008,$20.80M
The Legend of Tomiris,2019),TV-14,156," Action, Drama, History            ",4.7,0,Akan Satayev,"['Almira Tursyn, ', 'Adil Akhmetov, ', 'Erkebulan Dairov, ', 'Berik Aytzhanov', '']",35319,0
In the Land of Blood and Honey,2011),R,127," Drama, Romance, War            ",4.5,0,Angelina Jolie,"['Zana Marjanovic, ', 'Goran Kostic, ', 'Rade Serbedzija, ', 'Vanessa Glodjo', '']",33438,$0.30M
In the Name of the King: A Dungeon Siege Tale,2007),PG-13,127," Action, Adventure, Fantasy            ",3.8,0,Uwe Boll,"['Jason Statham, ', 'Ron Perlman, ', 'Ray Liotta, ', 'Leelee Sobieski', '']",44555,$4.54M
